nucleus_group,Htr1b,Htr1d,Htr2a,Htr3a,Htr7,Adra1a,Adra1b,Drd1,Drd2,Drd3,Drd5
Anterior,0.2874099194573972,0.053624417125900804,0.21110640101738024,0.08329800763035185,0.4828317083509962,0.08605341246290801,0.6937261551504875,0.2922848664688427,0.4298431538787622,0.17465027554048326,0.20156846121237812
Intralaminar,0.26681503461918893,0.09421364985163205,0.11745796241345202,0.10756676557863501,0.7045004945598418,0.06923837784371908,0.5487141444114738,0.05291790306627102,0.27522255192878337,0.20178041543026706,0.39564787339268054
MD,0.21483330361918346,0.09841326439650562,0.10322695667676948,0.03940096273845605,0.553039757532537,0.07024425031199857,0.8596897842752719,0.07969334997325726,0.4341237297200927,0.1748974861829203,0.2663576395079337
Midline,0.4091263650546022,0.28100624024960996,0.12070982839313572,0.04972698907956318,0.735179407176287,0.12558502340093602,0.7572152886115444,0.2548751950078003,0.4881045241809672,0.4243369734789392,0.3664196567862715
Reticular,0.14110517962775934,0.12999567162025683,0.14427932477276006,0.037224065791372093,0.12422449862934641,0.10214976193911413,0.7301976626749387,0.1390852690809407,0.08151781849660944,0.16317991631799164,0.1589958158995816
Reuniens,0.5223529411764706,0.16564705882352943,0.1416470588235294,0.07905882352941176,0.8734117647058823,0.10823529411764705,0.5708235294117647,0.28894117647058826,0.2818823529411765,0.20329411764705882,0.5938823529411764
