nucleus_group,Htr1b,Htr1d,Htr2a,Htr3a,Htr7,Adra1a,Adra1b,Drd1,Drd2,Drd3,Drd5
Anterior,0.01935578101231524,-1.4332184820593592,0.9418719521159757,0.4309152366927309,-0.42356559752403056,-0.12345892194066803,-0.29922643677322064,0.8249192972125777,0.19672689306642036,-0.41881620914578566,-0.6536068161711821
Intralaminar,-0.07482874384363622,-0.754534892054625,-0.46759846591764753,0.7616586492107461,0.7440258466455771,-0.41944975201879287,-0.3798955860891841,-1.9658312182534416,-0.3730560842263841,-0.3356766407656756,0.5534392202659602
MD,-0.45305614950991224,-0.6468442217696467,-0.6963168076847068,-0.6073144586868227,-0.10738190371477056,-0.46024317335736314,0.45102698526350965,-1.3774152533689101,0.4807499326498569,-0.4544316068568599,-0.1365174205772179
Midline,0.6642375618714931,1.2605303388269309,-0.36906071491444664,-0.2539853954599137,0.5645252464953222,0.4180702519886118,0.14745638335409272,0.6942373154312934,0.8706734076039523,1.2355778962167498,0.3872212329670628
Reticular,-1.1769362217537211,-0.19062456272821005,0.05423577491700235,-0.5468002248212496,-2.798344480460618,0.19044826468025466,-0.005869070939171129,-0.6919238866925395,-2.3447010592606645,-0.8625117038901169,-1.2457983589948154
Reuniens,1.1280080908291379,0.21679218566552505,-0.13251345811153106,0.2975669707943796,1.0752203760406374,0.15280397471923682,-0.6410319828695082,1.0550988105644696,-0.5445991539037114,-0.20728357853128584,1.2020632348686182
