nucleus_group,Htr1b,Htr1d,Htr2a,Htr3a,Htr7,Adra1a,Adra1b,Drd1,Drd2,Drd3,Drd5
Anterior,0.3350336849426817,0.044463924334857775,0.2886394020798095,0.0747040783478525,0.6323888179778672,0.07668452704562957,1.0248024893472136,0.39210780648738014,0.5078546512474418,0.20693875413006776,0.2526968196069137
Intralaminar,0.31322811486427443,0.07717923402025777,0.1024227575327417,0.09652903902461175,1.4330388383547576,0.06060565165537406,0.9685288423951417,0.04810893139480002,0.3388880658714368,0.2198077367315911,0.5964735684795638
MD,0.23868599889908587,0.08393580703159953,0.08594075949339264,0.031244499765777308,0.7897951175050772,0.05863717846700101,1.7306291374962834,0.0773722951800115,0.6205322953737651,0.20164881374670535,0.36593627465005885
Midline,0.5294985181460413,0.34237746472401537,0.11036966513268187,0.04269005925748451,1.2642157094959445,0.11617058272653673,1.4003353518942208,0.357285098192331,0.81620153530812,0.6729035841223527,0.530474586659159
Reticular,0.14057113358579604,0.11887449392294466,0.15141429470704287,0.033011307036591275,0.11385635524716245,0.09775490864056245,1.2581389195040014,0.1305164623601073,0.07895325322553046,0.14950396701171326,0.16425586224477784
Reuniens,0.7340448182119454,0.16092737965296136,0.13181588255019558,0.06722581377508867,1.805421638958037,0.09497962149532316,0.8065142014698824,0.4616647740143283,0.29977509912866135,0.24119720832551572,0.9407518132516564
